Product ID,Activation Date
Prod1,1/01/2022
Prod2,1/01/2022
Prod3,1/01/2022
Prod4,1/01/2022
Prod5,1/01/2022
Prod6,1/01/2022
Prod7,1/01/2022
Prod8,1/01/2022
Prod9,1/01/2022
Prod10,1/01/2022
Prod11,1/01/2022
Prod12,1/01/2022
Prod13,1/01/2022
Prod14,1/01/2022
Prod15,1/01/2022
Prod16,1/01/2022
Prod17,1/01/2022
Prod18,1/01/2022
Prod19,1/01/2022
Prod20,1/01/2022
Prod21,1/01/2022
Prod22,1/01/2022
Prod23,1/01/2022
Prod24,1/01/2022
Prod25,1/01/2022
Prod26,1/01/2022
Prod27,1/01/2022
Prod28,1/01/2022
Prod29,1/01/2022
Prod30,1/01/2022
Prod31,1/01/2022
Prod32,1/01/2022
Prod33,1/01/2022
Prod34,1/01/2022
Prod35,1/01/2022
Prod36,1/01/2022
Prod37,1/01/2022
Prod38,1/01/2022
Prod39,1/01/2022
Prod40,1/01/2022
Prod41,1/01/2022
Prod42,1/01/2022
Prod43,1/01/2022
Prod525,1/01/2022
Prod526,1/01/2022
Prod527,1/01/2022
Prod528,1/01/2022
Prod529,1/01/2022
Prod530,1/01/2022
Prod531,1/01/2022
Prod532,1/01/2022
Prod533,1/01/2022
Prod534,1/01/2022
Prod535,1/01/2022
Prod536,1/01/2022
Prod537,1/01/2022
Prod552,1/01/2022
Prod553,1/01/2022
Prod554,1/01/2022
Prod555,1/01/2022
Prod556,1/01/2022
Prod557,1/01/2022
Prod558,1/01/2022
Prod559,1/01/2022
Prod560,1/01/2022
Prod561,1/01/2022
Prod562,1/01/2022
Prod563,1/01/2022
Prod564,1/01/2022
Prod578,1/01/2022
Prod579,1/01/2022
Prod580,1/01/2022
Prod581,1/01/2022
Prod582,1/01/2022
Prod583,1/01/2022
Prod584,1/01/2022
Prod585,1/01/2022
Prod586,1/01/2022
Prod587,1/01/2022
Prod588,1/01/2022
Prod589,1/01/2022
Prod590,1/01/2022
Prod591,1/01/2022
Prod592,1/01/2022
Prod593,1/01/2022
Prod594,1/01/2022
Prod595,1/01/2022
Prod596,1/01/2022
Prod597,1/01/2022
Prod598,1/01/2022
Prod599,1/01/2022
Prod600,1/01/2022
Prod601,1/01/2022
Prod602,1/01/2022
Prod603,1/01/2022
Prod604,1/01/2022
Prod605,1/01/2022
Prod606,1/01/2022
Prod607,1/01/2022
Prod608,1/01/2022
Prod609,1/01/2022
Prod610,1/01/2022
Prod611,1/01/2022
Prod612,1/01/2022
Prod613,1/01/2022
Prod614,1/01/2022
Prod615,1/01/2022
Prod616,1/01/2022
Prod617,1/01/2022
Prod618,1/01/2022
Prod619,1/01/2022
Prod620,1/01/2022
Prod621,1/01/2022
Prod622,1/01/2022
Prod623,1/01/2022
Prod624,1/01/2022
Prod625,1/01/2022
Prod626,1/01/2022
Prod656,1/01/2022
Prod657,1/01/2022
Prod658,1/01/2022
Prod659,1/01/2022
Prod660,1/01/2022
Prod661,1/01/2022
Prod662,1/01/2022
Prod663,1/01/2022
Prod664,1/01/2022
Prod665,1/01/2022
Prod666,1/01/2022
Prod667,1/01/2022
Prod668,1/01/2022
Prod669,1/01/2022
Prod670,1/01/2022
Prod671,1/01/2022
Prod672,1/01/2022
Prod673,1/01/2022
Prod674,1/01/2022
Prod675,1/01/2022
Prod676,1/01/2022
Prod677,1/01/2022
Prod678,1/01/2022
Prod121,1/01/2022
Prod679,1/01/2022
Prod680,1/01/2022
Prod681,1/01/2022
Prod682,1/01/2022
Prod683,1/01/2022
Prod684,1/01/2022
Prod685,1/01/2022
Prod686,1/01/2022
Prod687,1/01/2022
Prod688,1/01/2022
Prod689,1/01/2022
Prod690,1/01/2022
Prod691,1/01/2022
Prod692,1/01/2022
Prod693,1/01/2022
Prod694,1/01/2022
Prod725,1/01/2022
Prod726,1/01/2022
Prod727,1/01/2022
Prod728,1/01/2022
Prod729,1/01/2022
Prod730,1/01/2022
Prod731,1/01/2022
Prod732,1/01/2022
Prod733,1/01/2022
Prod734,1/01/2022
Prod735,1/01/2022
Prod736,1/01/2022
Prod737,1/01/2022
Prod738,1/01/2022
Prod739,1/01/2022
Prod740,1/01/2022
Prod741,1/01/2022
Prod742,1/01/2022
Prod743,1/01/2022
Prod744,1/01/2022
Prod745,1/01/2022
Prod746,1/01/2022
Prod747,1/01/2022
Prod748,1/01/2022
Prod749,1/01/2022
Prod750,1/01/2022
Prod751,1/01/2022
Prod752,1/01/2022
Prod753,1/01/2022
Prod754,1/01/2022
Prod2066,5/05/2022
Prod2608,5/05/2022
Prod2614,5/05/2022
Prod2615,5/05/2022
Prod2616,5/05/2022
Prod2617,5/05/2022
Prod2618,5/05/2022
Prod2619,5/05/2022
Prod2620,5/05/2022
Prod2621,5/05/2022
Prod2622,5/05/2022
Prod2623,5/05/2022
Prod2624,5/05/2022
Prod2625,5/05/2022
Prod3050,5/05/2022
Prod3051,5/05/2022
Prod3052,5/05/2022
Prod3053,5/05/2022
Prod3054,5/05/2022
Prod3055,5/05/2022
Prod3056,5/05/2022
Prod3057,5/05/2022
Prod3058,5/05/2022
Prod3059,5/05/2022
Prod3060,5/05/2022
Prod3061,5/05/2022
Prod3062,5/05/2022
Prod3063,5/05/2022
Prod3064,5/05/2022
Prod3065,5/05/2022
Prod1496,5/05/2022
Prod3066,5/05/2022
Prod3067,5/05/2022
Prod3068,5/05/2022
Prod3069,5/05/2022
Prod3070,5/05/2022
Prod3071,5/05/2022
Prod3072,5/05/2022
Prod3073,5/05/2022
Prod3074,5/05/2022
Prod3075,5/05/2022
Prod3076,5/05/2022
Prod3077,5/05/2022
Prod3078,5/05/2022
Prod3079,5/05/2022
Prod3080,5/05/2022
Prod3081,5/05/2022
Prod3082,5/05/2022
Prod3083,5/05/2022
Prod3084,5/05/2022
Prod3099,5/05/2022
Prod105,1/01/2023
Prod106,1/01/2023
Prod107,1/01/2023
Prod108,1/01/2023
Prod109,1/01/2023
Prod110,1/01/2023
Prod111,1/01/2023
Prod112,1/01/2023
Prod113,1/01/2023
Prod114,1/01/2023
Prod115,1/01/2023
Prod116,1/01/2023
Prod117,1/01/2023
Prod118,1/01/2023
Prod119,1/01/2023
Prod120,1/01/2023
Prod121,1/01/2023
Prod122,1/01/2023
Prod131,1/01/2023
Prod132,1/01/2023
Prod133,1/01/2023
Prod134,1/01/2023
Prod135,1/01/2023
Prod136,1/01/2023
Prod137,1/01/2023
Prod138,1/01/2023
Prod139,1/01/2023
Prod140,1/01/2023
Prod141,1/01/2023
Prod142,1/01/2023
Prod143,1/01/2023
Prod144,1/01/2023
Prod145,1/01/2023
Prod146,1/01/2023
Prod147,1/01/2023
Prod148,1/01/2023
Prod149,1/01/2023
Prod150,1/01/2023
Prod151,1/01/2023
Prod152,1/01/2023
Prod153,1/01/2023
Prod154,1/01/2023
Prod155,1/01/2023
Prod156,1/01/2023
Prod157,1/01/2023
Prod158,1/01/2023
Prod159,1/01/2023
Prod160,1/01/2023
Prod145,1/01/2023
Prod161,1/01/2023
Prod162,1/01/2023
Prod163,1/01/2023
Prod164,1/01/2023
Prod165,1/01/2023
Prod166,1/01/2023
Prod167,1/01/2023
Prod168,1/01/2023
Prod169,1/01/2023
Prod170,1/01/2023
Prod171,1/01/2023
Prod172,1/01/2023
Prod173,1/01/2023
Prod174,1/01/2023
Prod175,1/01/2023
Prod176,1/01/2023
Prod177,1/01/2023
Prod178,1/01/2023
Prod179,1/01/2023
Prod180,1/01/2023
Prod181,1/01/2023
Prod182,1/01/2023
Prod183,1/01/2023
Prod184,1/01/2023
Prod185,1/01/2023
Prod186,1/01/2023
Prod187,1/01/2023
Prod188,1/01/2023
Prod189,1/01/2023
Prod190,1/01/2023
Prod191,1/01/2023
Prod192,1/01/2023
Prod395,1/01/2023
Prod396,1/01/2023
Prod397,1/01/2023
Prod398,1/01/2023
Prod399,1/01/2023
Prod400,1/01/2023
Prod401,1/01/2023
Prod402,1/01/2023
Prod403,1/01/2023
Prod404,1/01/2023
Prod405,1/01/2023
Prod455,1/01/2023
Prod456,1/01/2023
Prod457,1/01/2023
Prod458,1/01/2023
Prod459,1/01/2023
Prod460,1/01/2023
Prod432,1/01/2023
Prod461,1/01/2023
Prod462,1/01/2023
Prod463,1/01/2023
Prod464,1/01/2023
Prod465,1/01/2023
Prod466,1/01/2023
Prod467,1/01/2023
Prod468,1/01/2023
Prod469,1/01/2023
Prod470,1/01/2023
Prod471,1/01/2023
Prod155,1/01/2023
Prod472,1/01/2023
Prod473,1/01/2023
Prod512,1/01/2023
Prod371,1/01/2023
Prod513,1/01/2023
Prod514,1/01/2023
Prod515,1/01/2023
Prod516,1/01/2023
Prod517,1/01/2023
Prod518,1/01/2023
Prod519,1/01/2023
Prod520,1/01/2023
Prod521,1/01/2023
Prod522,1/01/2023
Prod523,1/01/2023
Prod524,1/01/2023
Prod894,1/01/2023
Prod895,1/01/2023
Prod896,1/01/2023
Prod897,1/01/2023
Prod898,1/01/2023
Prod899,1/01/2023
Prod900,1/01/2023
Prod901,1/01/2023
Prod902,1/01/2023
Prod903,1/01/2023
Prod904,1/01/2023
Prod905,1/01/2023
Prod906,1/01/2023
Prod907,1/01/2023
Prod908,1/01/2023
Prod909,1/01/2023
Prod910,1/01/2023
Prod911,1/01/2023
Prod912,1/01/2023
Prod913,1/01/2023
Prod914,1/01/2023
Prod915,1/01/2023
Prod916,1/01/2023
Prod917,1/01/2023
Prod918,1/01/2023
Prod919,1/01/2023
Prod935,1/01/2023
Prod936,1/01/2023
Prod937,1/01/2023
Prod938,1/01/2023
Prod939,1/01/2023
Prod940,1/01/2023
Prod941,1/01/2023
Prod942,1/01/2023
Prod943,1/01/2023
Prod944,1/01/2023
Prod945,1/01/2023
Prod980,1/01/2023
Prod981,1/01/2023
Prod982,1/01/2023
Prod983,1/01/2023
Prod984,1/01/2023
Prod985,1/01/2023
Prod986,1/01/2023
Prod987,1/01/2023
Prod988,1/01/2023
Prod989,1/01/2023
Prod990,1/01/2023
Prod1089,1/01/2023
Prod1090,1/01/2023
Prod158,1/01/2023
Prod1091,1/01/2023
Prod1092,1/01/2023
Prod1093,1/01/2023
Prod1094,1/01/2023
Prod1095,1/01/2023
Prod1096,1/01/2023
Prod1097,1/01/2023
Prod1098,1/01/2023
Prod1099,1/01/2023
Prod1100,1/01/2023
Prod1101,1/01/2023
Prod1102,1/01/2023
Prod1103,1/01/2023
Prod1104,1/01/2023
Prod1105,1/01/2023
Prod1106,1/01/2023
Prod1107,1/01/2023
Prod1108,1/01/2023
Prod1109,1/01/2023
Prod1110,1/01/2023
Prod1111,1/01/2023
Prod1112,1/01/2023
Prod1141,1/01/2023
Prod1142,1/01/2023
Prod1143,1/01/2023
Prod1144,1/01/2023
Prod1145,1/01/2023
Prod1146,1/01/2023
Prod1147,1/01/2023
Prod1148,1/01/2023
Prod1149,1/01/2023
Prod1150,1/01/2023
Prod2628,5/05/2023
Prod2032,5/05/2023
Prod2629,5/05/2023
Prod894,5/05/2023
Prod2630,5/05/2023
Prod2631,5/05/2023
Prod2632,5/05/2023
Prod2633,5/05/2023
Prod2634,5/05/2023
Prod2635,5/05/2023
Prod2636,5/05/2023
Prod2637,5/05/2023
Prod2638,5/05/2023
Prod2639,5/05/2023
Prod2640,5/05/2023
Prod2641,5/05/2023
Prod2641,5/05/2023
Prod2642,5/05/2023
Prod2643,5/05/2023
Prod2644,5/05/2023
Prod2645,5/05/2023
Prod2646,5/05/2023
Prod2647,5/05/2023
Prod2648,5/05/2023
Prod2649,5/05/2023
Prod2650,5/05/2023
Prod2651,5/05/2023
Prod2652,5/05/2023
Prod2653,5/05/2023
Prod2654,5/05/2023
Prod2655,5/05/2023
Prod2656,5/05/2023
Prod2657,5/05/2023
Prod2658,5/05/2023
Prod2659,5/05/2023
Prod2660,5/05/2023
Prod2661,5/05/2023
Prod2661,5/05/2023
Prod2662,5/05/2023
Prod2663,5/05/2023
Prod894,5/05/2023
Prod2664,5/05/2023
Prod2665,5/05/2023
Prod2666,5/05/2023
Prod2667,5/05/2023
Prod2668,5/05/2023
Prod2669,5/05/2023
Prod1288,5/05/2023
Prod2670,5/05/2023
Prod2671,5/05/2023
Prod2672,5/05/2023
Prod2673,5/05/2023
Prod2674,5/05/2023
Prod2675,5/05/2023
Prod2676,5/05/2023
Prod2677,5/05/2023
Prod2678,5/05/2023
Prod2679,5/05/2023
Prod2680,5/05/2023
Prod2681,5/05/2023
Prod2682,5/05/2023
Prod2683,5/05/2023
Prod2634,5/05/2023
Prod2684,5/05/2023
Prod2685,5/05/2023
Prod2686,5/05/2023
Prod2687,5/05/2023
Prod2688,5/05/2023
Prod2689,5/05/2023
Prod2690,5/05/2023
Prod2691,5/05/2023
Prod2692,5/05/2023
Prod2693,5/05/2023
Prod2694,5/05/2023
Prod2695,5/05/2023
Prod2696,5/05/2023
Prod2697,5/05/2023
Prod2698,5/05/2023
Prod2699,5/05/2023
Prod2700,5/05/2023
Prod2701,5/05/2023
Prod2702,5/05/2023
Prod2703,5/05/2023
Prod2704,5/05/2023
Prod2705,5/05/2023
Prod2706,5/05/2023
Prod2707,5/05/2023
Prod2927,5/05/2023
Prod2928,5/05/2023
Prod2929,5/05/2023
Prod2930,5/05/2023
Prod2931,5/05/2023
Prod2932,5/05/2023
Prod2298,5/05/2023
Prod2933,5/05/2023
Prod2934,5/05/2023
Prod2935,5/05/2023
Prod2936,5/05/2023
Prod2937,5/05/2023
Prod2938,5/05/2023
Prod2939,5/05/2023
Prod2940,5/05/2023
Prod2941,5/05/2023
Prod2942,5/05/2023
Prod2943,5/05/2023
Prod2944,5/05/2023
Prod2945,5/05/2023
Prod2946,5/05/2023
Prod2947,5/05/2023
Prod2948,5/05/2023
Prod2949,5/05/2023
Prod2950,5/05/2023
Prod2951,5/05/2023
Prod2952,5/05/2023
Prod2953,5/05/2023
Prod2954,5/05/2023
Prod2955,5/05/2023
Prod2956,5/05/2023
Prod2957,5/05/2023
Prod2958,5/05/2023
Prod2959,5/05/2023
Prod2960,5/05/2023
Prod2961,5/05/2023
Prod2962,5/05/2023
Prod2963,5/05/2023
Prod2964,5/05/2023
Prod2965,5/05/2023
Prod2966,5/05/2023
Prod2967,5/05/2023
Prod2968,5/05/2023
Prod2969,5/05/2023
Prod2970,5/05/2023
Prod2971,5/05/2023
Prod2972,5/05/2023
Prod2973,5/05/2023
Prod2974,5/05/2023
Prod2975,5/05/2023
Prod2976,5/05/2023
Prod2977,5/05/2023
Prod2978,5/05/2023
Prod2979,5/05/2023
Prod2980,5/05/2023
Prod2981,5/05/2023
Prod2982,5/05/2023
Prod2983,5/05/2023
Prod2984,5/05/2023
Prod2985,5/05/2023
Prod2986,5/05/2023
Prod2987,5/05/2023
Prod2988,5/05/2023
Prod2989,5/05/2023
Prod2990,5/05/2023
Prod2991,5/05/2023
Prod2992,5/05/2023
Prod2993,5/05/2023
Prod2994,5/05/2023
Prod2995,5/05/2023
Prod2996,5/05/2023
Prod2997,5/05/2023
Prod2998,5/05/2023
Prod2999,5/05/2023
Prod3000,5/05/2023
Prod3001,5/05/2023
Prod3002,5/05/2023
Prod3003,5/05/2023
Prod3004,5/05/2023
Prod3005,5/05/2023
Prod3006,5/05/2023
Prod3007,5/05/2023
Prod3008,5/05/2023
Prod3009,5/05/2023
Prod3010,5/05/2023
Prod3011,5/05/2023
Prod3012,5/05/2023
Prod3085,5/05/2023
Prod3086,5/05/2023
Prod3087,5/05/2023
Prod3088,5/05/2023
Prod3089,5/05/2023
Prod3090,5/05/2023
Prod3091,5/05/2023
Prod206,9/09/2023
Prod207,9/09/2023
Prod208,9/09/2023
Prod209,9/09/2023
Prod210,9/09/2023
Prod211,9/09/2023
Prod212,9/09/2023
Prod213,9/09/2023
Prod214,9/09/2023
Prod215,9/09/2023
Prod216,9/09/2023
Prod217,9/09/2023
Prod218,9/09/2023
Prod219,9/09/2023
Prod220,9/09/2023
Prod221,9/09/2023
Prod222,9/09/2023
Prod223,9/09/2023
Prod224,9/09/2023
Prod213,9/09/2023
Prod225,9/09/2023
Prod226,9/09/2023
Prod227,9/09/2023
Prod228,9/09/2023
Prod229,9/09/2023
Prod230,9/09/2023
Prod231,9/09/2023
Prod232,9/09/2023
Prod233,9/09/2023
Prod234,9/09/2023
Prod235,9/09/2023
Prod236,9/09/2023
Prod237,9/09/2023
Prod238,9/09/2023
Prod239,9/09/2023
Prod240,9/09/2023
Prod241,9/09/2023
Prod242,9/09/2023
Prod243,9/09/2023
Prod244,9/09/2023
Prod245,9/09/2023
Prod246,9/09/2023
Prod247,9/09/2023
Prod248,9/09/2023
Prod249,9/09/2023
Prod250,9/09/2023
Prod251,9/09/2023
Prod252,9/09/2023
Prod253,9/09/2023
Prod254,9/09/2023
Prod255,9/09/2023
Prod256,9/09/2023
Prod257,9/09/2023
Prod258,9/09/2023
Prod259,9/09/2023
Prod260,9/09/2023
Prod261,9/09/2023
Prod262,9/09/2023
Prod263,9/09/2023
Prod264,9/09/2023
Prod265,9/09/2023
Prod266,9/09/2023
Prod267,9/09/2023
Prod267,9/09/2023
Prod268,9/09/2023
Prod269,9/09/2023
Prod270,9/09/2023
Prod271,9/09/2023
Prod272,9/09/2023
Prod273,9/09/2023
Prod274,9/09/2023
Prod275,9/09/2023
Prod276,9/09/2023
Prod277,9/09/2023
Prod278,9/09/2023
Prod302,9/09/2023
Prod303,9/09/2023
Prod304,9/09/2023
Prod217,9/09/2023
Prod305,9/09/2023
Prod306,9/09/2023
Prod307,9/09/2023
Prod308,9/09/2023
Prod309,9/09/2023
Prod310,9/09/2023
Prod362,9/09/2023
Prod363,9/09/2023
Prod364,9/09/2023
Prod365,9/09/2023
Prod366,9/09/2023
Prod367,9/09/2023
Prod368,9/09/2023
Prod369,9/09/2023
Prod370,9/09/2023
Prod371,9/09/2023
Prod372,9/09/2023
Prod373,9/09/2023
Prod374,9/09/2023
Prod375,9/09/2023
Prod376,9/09/2023
Prod377,9/09/2023
Prod378,9/09/2023
Prod64,9/09/2023
Prod379,9/09/2023
Prod380,9/09/2023
Prod381,9/09/2023
Prod382,9/09/2023
Prod383,9/09/2023
Prod384,9/09/2023
Prod385,9/09/2023
Prod386,9/09/2023
Prod387,9/09/2023
Prod388,9/09/2023
Prod389,9/09/2023
Prod390,9/09/2023
Prod391,9/09/2023
Prod392,9/09/2023
Prod393,9/09/2023
Prod394,9/09/2023
Prod486,9/09/2023
Prod487,9/09/2023
Prod488,9/09/2023
Prod489,9/09/2023
Prod490,9/09/2023
Prod491,9/09/2023
Prod492,9/09/2023
Prod493,9/09/2023
Prod494,9/09/2023
Prod495,9/09/2023
Prod496,9/09/2023
Prod497,9/09/2023
Prod498,9/09/2023
Prod499,9/09/2023
Prod500,9/09/2023
Prod501,9/09/2023
Prod502,9/09/2023
Prod503,9/09/2023
Prod504,9/09/2023
Prod505,9/09/2023
Prod370,9/09/2023
Prod506,9/09/2023
Prod507,9/09/2023
Prod508,9/09/2023
Prod509,9/09/2023
Prod510,9/09/2023
Prod207,9/09/2023
Prod511,9/09/2023
Prod538,9/09/2023
Prod539,9/09/2023
Prod540,9/09/2023
Prod541,9/09/2023
Prod542,9/09/2023
Prod543,9/09/2023
Prod544,9/09/2023
Prod545,9/09/2023
Prod546,9/09/2023
Prod547,9/09/2023
Prod548,9/09/2023
Prod549,9/09/2023
Prod550,9/09/2023
Prod551,9/09/2023
Prod565,9/09/2023
Prod566,9/09/2023
Prod567,9/09/2023
Prod568,9/09/2023
Prod389,9/09/2023
Prod569,9/09/2023
Prod570,9/09/2023
Prod571,9/09/2023
Prod572,9/09/2023
Prod573,9/09/2023
Prod574,9/09/2023
Prod575,9/09/2023
Prod576,9/09/2023
Prod577,9/09/2023
Prod642,9/09/2023
Prod643,9/09/2023
Prod644,9/09/2023
Prod645,9/09/2023
Prod646,9/09/2023
Prod647,9/09/2023
Prod648,9/09/2023
Prod649,9/09/2023
Prod650,9/09/2023
Prod651,9/09/2023
Prod652,9/09/2023
Prod653,9/09/2023
Prod654,9/09/2023
Prod655,9/09/2023
Prod695,9/09/2023
Prod696,9/09/2023
Prod697,9/09/2023
Prod698,9/09/2023
Prod699,9/09/2023
Prod700,9/09/2023
Prod701,9/09/2023
Prod702,9/09/2023
Prod703,9/09/2023
Prod704,9/09/2023
Prod705,9/09/2023
Prod706,9/09/2023
Prod707,9/09/2023
Prod708,9/09/2023
Prod709,9/09/2023
Prod710,9/09/2023
Prod711,9/09/2023
Prod712,9/09/2023
Prod713,9/09/2023
Prod714,9/09/2023
Prod715,9/09/2023
Prod716,9/09/2023
Prod717,9/09/2023
Prod718,9/09/2023
Prod719,9/09/2023
Prod720,9/09/2023
Prod721,9/09/2023
Prod722,9/09/2023
Prod723,9/09/2023
Prod724,9/09/2023
Prod826,9/09/2023
Prod827,9/09/2023
Prod828,9/09/2023
Prod829,9/09/2023
Prod830,9/09/2023
Prod831,9/09/2023
Prod832,9/09/2023
Prod833,9/09/2023
Prod834,9/09/2023
Prod835,9/09/2023
Prod836,9/09/2023
Prod837,9/09/2023
Prod838,9/09/2023
Prod839,9/09/2023
Prod840,9/09/2023
Prod841,9/09/2023
Prod842,9/09/2023
Prod843,9/09/2023
Prod844,9/09/2023
Prod845,9/09/2023
Prod846,9/09/2023
Prod847,9/09/2023
Prod848,9/09/2023
Prod849,9/09/2023
Prod837,9/09/2023
Prod838,9/09/2023
Prod850,9/09/2023
Prod851,9/09/2023
Prod852,9/09/2023
Prod853,9/09/2023
Prod854,9/09/2023
Prod855,9/09/2023
Prod856,9/09/2023
Prod857,9/09/2023
Prod858,9/09/2023
Prod859,9/09/2023
Prod860,9/09/2023
Prod861,9/09/2023
Prod862,9/09/2023
Prod863,9/09/2023
Prod864,9/09/2023
Prod865,9/09/2023
Prod866,9/09/2023
Prod867,9/09/2023
Prod868,9/09/2023
Prod869,9/09/2023
Prod870,9/09/2023
Prod871,9/09/2023
Prod872,9/09/2023
Prod873,9/09/2023
Prod874,9/09/2023
Prod875,9/09/2023
Prod876,9/09/2023
Prod877,9/09/2023
Prod878,9/09/2023
Prod879,9/09/2023
Prod880,9/09/2023
Prod881,9/09/2023
Prod882,9/09/2023
Prod686,9/09/2023
Prod883,9/09/2023
Prod884,9/09/2023
Prod885,9/09/2023
Prod886,9/09/2023
Prod864,9/09/2023
Prod887,9/09/2023
Prod888,9/09/2023
Prod889,9/09/2023
Prod890,9/09/2023
Prod891,9/09/2023
Prod892,9/09/2023
Prod893,9/09/2023
Prod946,9/09/2023
Prod947,9/09/2023
Prod948,9/09/2023
Prod279,7/07/2024
Prod280,7/07/2024
Prod281,7/07/2024
Prod282,7/07/2024
Prod283,7/07/2024
Prod284,7/07/2024
Prod285,7/07/2024
Prod286,7/07/2024
Prod287,7/07/2024
Prod288,7/07/2024
Prod289,7/07/2024
Prod290,7/07/2024
Prod291,7/07/2024
Prod292,7/07/2024
Prod293,7/07/2024
Prod294,7/07/2024
Prod295,7/07/2024
Prod290,7/07/2024
Prod285,7/07/2024
Prod280,7/07/2024
Prod287,7/07/2024
Prod296,7/07/2024
Prod283,7/07/2024
Prod291,7/07/2024
Prod293,7/07/2024
Prod297,7/07/2024
Prod298,7/07/2024
Prod299,7/07/2024
Prod300,7/07/2024
Prod295,7/07/2024
Prod301,7/07/2024
Prod1956,7/07/2024
Prod1957,7/07/2024
Prod1958,7/07/2024
Prod1959,7/07/2024
Prod1960,7/07/2024
Prod1961,7/07/2024
Prod1962,7/07/2024
Prod1963,7/07/2024
Prod1964,7/07/2024
Prod1965,7/07/2024
Prod1966,7/07/2024
Prod1967,7/07/2024
Prod1968,7/07/2024
Prod1969,7/07/2024
Prod281,7/07/2024
Prod2032,7/07/2024
Prod2033,7/07/2024
Prod2034,7/07/2024
Prod2035,7/07/2024
Prod2036,7/07/2024
Prod2037,7/07/2024
Prod2038,7/07/2024
Prod2039,7/07/2024
Prod2040,7/07/2024
Prod2041,7/07/2024
Prod2042,7/07/2024
Prod2043,7/07/2024
Prod779,7/07/2024
Prod2807,7/07/2024
Prod2808,7/07/2024
Prod2809,7/07/2024
Prod2810,7/07/2024
Prod2811,7/07/2024
Prod2812,7/07/2024
Prod2813,7/07/2024
Prod2814,7/07/2024
Prod2815,7/07/2024
Prod2816,7/07/2024
Prod2817,7/07/2024
Prod2818,7/07/2024
Prod2819,7/07/2024
Prod3013,7/07/2024
Prod3014,7/07/2024
Prod3015,7/07/2024
Prod3016,7/07/2024
Prod3017,7/07/2024
Prod3018,7/07/2024
Prod3019,7/07/2024
Prod3020,7/07/2024
Prod3021,7/07/2024
Prod3022,7/07/2024
Prod3023,7/07/2024
Prod3024,7/07/2024
Prod3025,7/07/2024
Prod3026,7/07/2024
Prod3022,7/07/2024
Prod3027,7/07/2024
Prod3028,7/07/2024
Prod3029,7/07/2024
Prod3030,7/07/2024
Prod3020,7/07/2024
Prod3031,7/07/2024
Prod3032,7/07/2024
Prod2307,7/07/2024
Prod311,11/11/2024
Prod312,11/11/2024
Prod313,11/11/2024
Prod314,11/11/2024
Prod315,11/11/2024
Prod316,11/11/2024
Prod317,11/11/2024
Prod318,11/11/2024
Prod319,11/11/2024
Prod320,11/11/2024
Prod321,11/11/2024
Prod322,11/11/2024
Prod323,11/11/2024
Prod324,11/11/2024
Prod348,11/11/2024
Prod349,11/11/2024
Prod350,11/11/2024
Prod351,11/11/2024
Prod352,11/11/2024
Prod353,11/11/2024
Prod354,11/11/2024
Prod355,11/11/2024
Prod356,11/11/2024
Prod357,11/11/2024
Prod358,11/11/2024
Prod359,11/11/2024
Prod360,11/11/2024
Prod361,11/11/2024
Prod627,11/11/2024
Prod628,11/11/2024
Prod629,11/11/2024
Prod630,11/11/2024
Prod631,11/11/2024
Prod632,11/11/2024
Prod633,11/11/2024
Prod634,11/11/2024
Prod635,11/11/2024
Prod636,11/11/2024
Prod637,11/11/2024
Prod638,11/11/2024
Prod639,11/11/2024
Prod640,11/11/2024
Prod641,11/11/2024
Prod1004,11/11/2024
Prod1005,11/11/2024
Prod1006,11/11/2024
Prod1007,11/11/2024
Prod1008,11/11/2024
Prod1009,11/11/2024
Prod1010,11/11/2024
Prod1011,11/11/2024
Prod1012,11/11/2024
Prod1013,11/11/2024
Prod1014,11/11/2024
Prod1015,11/11/2024
Prod1016,11/11/2024
Prod1017,11/11/2024
Prod1018,11/11/2024
Prod1019,11/11/2024
Prod1020,11/11/2024
Prod1021,11/11/2024
Prod1022,11/11/2024
Prod1023,11/11/2024
Prod1024,11/11/2024
Prod1025,11/11/2024
Prod1026,11/11/2024
Prod1027,11/11/2024
Prod1044,11/11/2024
Prod1045,11/11/2024
Prod1046,11/11/2024
Prod1047,11/11/2024
Prod1048,11/11/2024
Prod1049,11/11/2024
Prod1050,11/11/2024
Prod1051,11/11/2024
Prod1052,11/11/2024
Prod1053,11/11/2024
Prod1054,11/11/2024
Prod1055,11/11/2024
Prod1056,11/11/2024
Prod1057,11/11/2024
Prod1211,11/11/2024
Prod1212,11/11/2024
Prod1213,11/11/2024
Prod1214,11/11/2024
Prod1215,11/11/2024
Prod1216,11/11/2024
Prod1217,11/11/2024
Prod1218,11/11/2024
Prod1219,11/11/2024
Prod1220,11/11/2024
Prod1221,11/11/2024
Prod1238,11/11/2024
Prod1239,11/11/2024
Prod1240,11/11/2024
Prod1241,11/11/2024
Prod1242,11/11/2024
Prod1243,11/11/2024
Prod1244,11/11/2024
Prod1245,11/11/2024
Prod1246,11/11/2024
Prod730,11/11/2024
Prod1247,11/11/2024
Prod1248,11/11/2024
Prod1239,11/11/2024
Prod1254,11/11/2024
Prod1255,11/11/2024
Prod1256,11/11/2024
Prod1257,11/11/2024
Prod1313,11/11/2024
Prod1314,11/11/2024
Prod1315,11/11/2024
Prod1316,11/11/2024
Prod1317,11/11/2024
Prod1318,11/11/2024
Prod1319,11/11/2024
Prod1320,11/11/2024
Prod1321,11/11/2024
Prod1322,11/11/2024
Prod1323,11/11/2024
Prod1324,11/11/2024
Prod1325,11/11/2024
Prod1326,11/11/2024
Prod1327,11/11/2024
Prod1328,11/11/2024
Prod1329,11/11/2024
Prod1330,11/11/2024
Prod1331,11/11/2024
Prod1332,11/11/2024
Prod1343,11/11/2024
Prod1344,11/11/2024
Prod1345,11/11/2024
Prod1346,11/11/2024
Prod1347,11/11/2024
Prod1348,11/11/2024
Prod1349,11/11/2024
Prod1350,11/11/2024
Prod1351,11/11/2024
